source	target	depth
space exploration	discovery and exploration of the solar system	1
space exploration	in-space propulsion technologies	1
space exploration	robotic spacecraft	1
space exploration	timeline of planetary exploration	1
space exploration	landings on other planets	1
space exploration	pioneer program	1
space exploration	luna program	1
space exploration	zond program	1
space exploration	venera program	1
space exploration	mars probe program	1
space exploration	ranger program	1
space exploration	mariner program	1
space exploration	surveyor program	1
space exploration	viking program	1
space exploration	voyager program	1
space exploration	vega program	1
space exploration	phobos program	1
space exploration	discovery program	1
space exploration	chandrayaan-1	1
space exploration	mars orbiter mission	1
space exploration	chinese lunar exploration program	1
space exploration	astrobotic technology	1
space exploration	interplanetary contamination	1
space exploration	animals in space	1
space exploration	monkeys in space	1
space exploration	russian space dogs	1
space exploration	astronaut	1
space exploration	vostok program	1
space exploration	mercury program	1
space exploration	voskhod program	1
space exploration	gemini program	1
space exploration	soyuz program	1
space exploration	apollo program	1
space exploration	salyut	1
space exploration	skylab	1
space exploration	space shuttle program	1
space exploration	mir	1
space exploration	international space station	1
space exploration	vision for space exploration	1
space exploration	aurora programme	1
space exploration	scaled composites tier one	1
space exploration	effect of spaceflight on the human body	1
space exploration	space architecture	1
space exploration	space archaeology	1
space exploration	flexible path	1
space exploration	asia's space race	1
space exploration	commercial astronaut	1
space exploration	artemis program	1
space exploration	energy development	1
space exploration	exploration of mars	1
space exploration	space tourism	1
space exploration	private spaceflight	1
space exploration	space colonization	1
space exploration	interstellar spaceflight	1
space exploration	deep space exploration	1
space exploration	human outpost	1
space exploration	mars to stay	1
space exploration	newspace	1
space exploration	spaceflight	1
space exploration	timeline of solar system exploration	1
space exploration	space station	1
space exploration	space telescope	1
space exploration	sample return mission	1
space exploration	atmospheric reentry	1
space exploration	space and survival	1
space exploration	religion in space	1
space exploration	militarization of space	1
space exploration	french space program	1
space exploration	russian explorers	1
space exploration	u.s. space exploration history on u.s. stamps	1
space race	billionaire space race	1
space race	cold war playground equipment	1
space race	comparison of asian national space programs	1
space race	history of spaceflight	1
space race	moon landing	1
space race	moon shot	1
space race	space advocacy	1
space race	space exploration	1
space race	space policy	1
space race	space propaganda	1
space race	spaceflight records	1
space race	timeline of solar system exploration	1
space race	timeline of space exploration	1
space race	timeline of the space race	1
space race	woods hole conference	1
space race	mars race	1
space research	advances in space research	1
space research	benefits of space exploration	1
space research	committee on space research	1
space research	deep space exploration	1
space research	lists of space programs	1
space research	outer space	1
space research	space age	1
space research	space archaeology	1
space research	space architecture	1
space research	space exploration	1
space research	spacefaring	1
space research	space law	1
space research	space medicine	1
space research	space probe	1
space research	space research service	1
space research	space science	1
timeline of the space race	timeline of space exploration	2
timeline of the space race	timeline of first orbital launches by country	2
timeline of the space race	timeline of space travel by nationality	2
mars race	space race	2
mars race	moon landing	2
mars race	exploration of mars	2
timeline of space exploration	discovery and exploration of the solar system	2
timeline of space exploration	timeline of solar system exploration	2
timeline of space exploration	timeline of artificial satellites and space probes	2
timeline of space exploration	timeline of space travel by nationality	2
space science	space sciences laboratory	2
space science	space exploration	2
space science	space-based economy	2
space science	commercial use of space	2
space science	space manufacturing	2
space science	space tourism	2
space science	space warfare	2
space science	alien invasion	2
space science	asteroid-impact avoidance	2
space science	space law	2
space science	remote sensing	2
space science	planetarium	2
space science	centennial challenges	2
space science	spaceflight	2
space science	human spaceflight	2
space science	space architecture	2
space science	space colonization	2
space science	space industry	2
space science	timeline of artificial satellites and space probes	2
space science	batteries in space	2
space science	control engineering	2
space science	corrosion in space	2
space science	nuclear power in space	2
space science	space observatory	2
space science	orbital mechanics	2
space science	robotics	2
space science	space environment	2
space science	space logistics	2
space science	space technology	2
space science	space-based radar	2
space science	space-based solar power	2
space science	spacecraft design	2
space science	launch vehicle	2
space science	satellite	2
space science	spacecraft propulsion	2
space probe	interplanetary contamination	2
space probe	interstellar probe	2
space probe	mariner 10	2
space probe	orbit	2
space probe	pioneer 10	2
space probe	robotic spacecraft	2
space probe	space capsule	2
space probe	space exploration	2
space probe	uncrewed spacecraft	2
space probe	u.s. space exploration history on u.s. stamps	2
space probe	viking program	2
space medicine	artificial gravity	2
space medicine	effect of spaceflight on the human body	2
space medicine	fatigue and sleep loss during spaceflight	2
space medicine	intervertebral disc damage and spaceflight	2
space medicine	mars analog habitat	2
space medicine	medical treatment during spaceflight	2
space medicine	microgravity university	2
space medicine	reduced-gravity aircraft	2
space medicine	renal stone formation in space	2
space medicine	spaceflight osteopenia	2
space medicine	spaceflight radiation carcinogenesis	2
space medicine	space food	2
space medicine	space nursing	2
space medicine	space nursing society	2
space medicine	team composition and cohesion in spaceflight missions	2
space medicine	visual impairment due to intracranial pressure	2
spacefaring	aerial landscape art	2
spacefaring	human mission to mars	2
spacefaring	newspace	2
spacefaring	orbiter (simulator)	2
spacefaring	space and survival	2
spacefaring	space advocacy	2
spacefaring	space colonization	2
spacefaring	space logistics	2
spacefaring	spacecraft propulsion	2
spacefaring	timeline of artificial satellites and space probes	2
spacefaring	timeline of solar system exploration	2
spacefaring	soviet space exploration history on soviet stamps	2
spacefaring	u.s. space exploration history on u.s. stamps	2
spacefaring	kardashev scale	2
space law	commercialization of space	2
space law	ernst fasan	2
space law	institute of space and telecommunications law	2
space law	metalaw	2
space law	moon treaty	2
space law	newspace	2
space law	outer space treaty	2
space law	politics of the international space station	2
space law	space advocacy	2
space law	space archaeology	2
space law	space policy	2
space law	title 51 of the united states code	2
space law	space traffic management	2
space architecture	aerospace architecture	2
space architecture	planetary surface construction	2
space architecture	shackleton energy company	2
space architecture	space colonization	2
space architecture	space tourism	2
space archaeology	space colonization	2
space archaeology	space station	2
space archaeology	mir	2
space archaeology	international space station	2
space archaeology	space debris	2
space archaeology	robotic spacecraft	2
space archaeology	space exploration	2
space archaeology	tranquility base	2
space archaeology	space architecture	2
space archaeology	cultural heritage management	2
space archaeology	historic preservation	2
space archaeology	rescue agreement	2
space archaeology	outer space treaty	2
space archaeology	registration convention	2
space archaeology	moon treaty	2
space archaeology	national historic preservation act of 1966	2
space archaeology	united nations convention on the law of the sea	2
space archaeology	antarctic treaty system	2
space age	space exploration	2
space age	space race	2
space age	spacecraft	2
space age	human spaceflight	2
space age	space probe	2
space age	information age	2
space age	jet age	2
space age	atomic age	2
space age	googie architecture	2
space age	space tourism	2
outer space	earth's location in the universe	2
outer space	panspermia	2
outer space	space and survival	2
outer space	space environment	2
outer space	space race	2
outer space	space station	2
outer space	space technology	2
outer space	space weather	2
outer space	space weathering	2
outer space	timeline of knowledge about the interstellar and intergalactic medium	2
outer space	timeline of solar system exploration	2
outer space	timeline of spaceflight	2
deep space exploration	intergalactic travel	2
deep space exploration	interplanetary spaceflight	2
deep space exploration	interstellar travel	2
deep space exploration	space colonization	2
committee on space research	space research	2
committee on space research	planetary protection	2
committee on space research	international planetary data alliance	2
timeline of solar system exploration	discovery and exploration of the solar system	2
timeline of solar system exploration	new frontiers program	2
timeline of solar system exploration	out of the cradle (book)	2
timeline of solar system exploration	space race	2
timeline of solar system exploration	timeline of artificial satellites and space probes	2
timeline of solar system exploration	timeline of discovery of solar system planets and their moons	2
timeline of solar system exploration	timeline of first orbital launches by country	2
timeline of solar system exploration	timeline of space travel by nationality	2
space policy	chinese exclusion policy of nasa	2
space policy	citizens' advisory council on national space policy	2
space policy	space advocacy	2
space policy	space generation advisory council	2
space policy	space law	2
space policy	space race	2
space advocacy	asian space race	2
space advocacy	chinese exclusion policy of nasa	2
space advocacy	newspace	2
space advocacy	politics of the international space station	2
space advocacy	space law	2
space advocacy	space race	2
space advocacy	space policy	2
moon landing	lunar escape systems	2
moon landing	robert goddard	2
moon landing	soyuz 7k-l1	2
moon landing	zond program	2
history of spaceflight	history of aviation	2
history of spaceflight	timeline of spaceflight	2
history of spaceflight	timeline of solar system exploration	2
billionaire space race	space race	2
billionaire space race	space race ii	2
billionaire space race	space race 2.0	2
billionaire space race	asian space race	2
billionaire space race	space launch market competition	2
billionaire space race	commercialization of space	2
billionaire space race	mars race	2
u.s. space exploration history on u.s. stamps	astrophilately	2
u.s. space exploration history on u.s. stamps	airmails of the united states	2
u.s. space exploration history on u.s. stamps	postage stamps and postal history of the united states	2
u.s. space exploration history on u.s. stamps	soviet space exploration history on soviet stamps	2
u.s. space exploration history on u.s. stamps	topical stamp collecting	2
russian explorers	1966 soviet submarine global circumnavigation	2
russian explorers	arctic policy of russia	2
russian explorers	first russian circumnavigation	2
russian explorers	geography of russia	2
russian explorers	great northern expedition	2
russian explorers	northern sea route	2
russian explorers	russian geographical society	2
russian explorers	soviet antarctic expedition	2
russian explorers	siberian river routes	2
russian explorers	soviet space program	2
french space program	pedro paulet	2
french space program	joseph louis lagrange	2
french space program	pierre-simon laplace	2
french space program	augustin-jean fresnel	2
french space program	jean-yves le gall	2
french space program	françois arago	2
french space program	cnes	2
french space program	european space agency	2
french space program	airbus	2
french space program	safran	2
french space program	arianespace	2
french space program	astrium	2
french space program	thales group	2
french space program	thales alenia space	2
french space program	aérospatiale	2
french space program	dassault	2
french space program	institut supérieur de l'aéronautique et de l'espace	2
french space program	école nationale supérieure de mécanique et d'aérotechnique (isae-ensma)	2
french space program	école nationale supérieure d'ingénieurs de poitiers	2
french space program	école nationale de l'aviation civile	2
french space program	france aerotech	2
french space program	école nationale supérieure d’électronique, informatique, télécommunications, mathématique et mécanique de bordeaux	2
french space program	guiana space centre	2
french space program	aerospace valley	2
french space program	toulouse space center	2
french space program	musée aéronautique et spatial safran	2
french space program	cannes mandelieu space center	2
french space program	bureau des longitudes	2
religion in space	astronomy and religion	2
militarization of space	project a119	2
militarization of space	fractional orbital bombardment	2
militarization of space	gravity tractor	2
militarization of space	kinetic bombardment	2
militarization of space	vryan	2
militarization of space	anti-satellite weapon	2
militarization of space	satellite	2
militarization of space	gps	2
militarization of space	spy satellite	2
militarization of space	asia's space race	2
militarization of space	ballistic missiles	2
militarization of space	commercialization of space	2
militarization of space	disclosure project	2
militarization of space	high altitude nuclear explosion	2
militarization of space	kill vehicle	2
militarization of space	mutual assured destruction	2
militarization of space	orbital bombardment	2
militarization of space	outer space treaty	2
militarization of space	space geostrategy	2
militarization of space	space force	2
militarization of space	strategic defense initiative	2
militarization of space	strategy of technology	2
militarization of space	militarisation of cyberspace	2
space and survival	global catastrophic risks	2
space and survival	human outpost	2
space and survival	planetary habitability	2
space and survival	space colonization	2
space and survival	space habitat	2
space and survival	terraforming	2
sample return mission	asteroid mining	2
sample return mission	discovery and exploration of the solar system	2
sample return mission	exploration of mars	2
sample return mission	exploration of the moon	2
sample return mission	extraterrestrial sample curation	2
sample return mission	robotic exploration of the moon	2
sample return mission	space exploration	2
sample return mission	timeline of solar system exploration	2
spaceflight records	manned maneuvering unit	2
spaceflight records	omega speedmaster	2
spaceflight records	simplified aid for eva rescue	2
spaceflight records	space suit	2
spaceflight records	suitport	2
space telescope	airborne observatory	2
space telescope	earth observation satellite	2
space telescope	observatory	2
space telescope	timeline of artificial satellites and space probes	2
space telescope	timeline of telescopes, observatories, and observing technology	2
space telescope	ultraviolet astronomy	2
space telescope	x-ray astronomy satellite	2
space station	lunar outpost (nasa)	2
space station	martian outpost	2
space station	timeline of solar system exploration	2
newspace	timeline of private spaceflight	2
spaceflight	aerial landscape art	2
spaceflight	human mission to mars	2
spaceflight	newspace	2
spaceflight	orbiter (simulator)	2
spaceflight	space and survival	2
spaceflight	space advocacy	2
spaceflight	space colonization	2
spaceflight	space logistics	2
spaceflight	spacecraft propulsion	2
spaceflight	timeline of artificial satellites and space probes	2
spaceflight	timeline of solar system exploration	2
spaceflight	soviet space exploration history on soviet stamps	2
spaceflight	u.s. space exploration history on u.s. stamps	2
spaceflight	kardashev scale	2
interstellar spaceflight	bussard ramjet	2
interstellar spaceflight	eugen sänger	2
interstellar spaceflight	freeman dyson	2
space colonization	bernal sphere	2
space colonization	colonization of antarctica	2
space colonization	criticism of the space shuttle program	2
space colonization	domed city	2
space colonization	extraterrestrial liquid water	2
space colonization	extraterrestrial real estate	2
space colonization	human outpost	2
space colonization	mars analog habitat	2
space colonization	mars one	2
space colonization	mars to stay	2
space colonization	megastructure	2
space colonization	newspace	2
space colonization	ocean colonization	2
space colonization	o'neill cylinder	2
space colonization	planetary habitability	2
space colonization	solar analog	2
space colonization	space archaeology	2
space colonization	space habitat	2
space colonization	space law	2
space colonization	spome	2
space colonization	stanford torus	2
space colonization	terraforming	2
space colonization	timeline of solar system exploration	2
space colonization	underground city	2
space tourism	commercialization of space	2
space tourism	effect of spaceflight on the human body	2
space tourism	private spaceflight	2
space tourism	space flight participant	2
exploration of mars	colonization of mars	2
exploration of mars	human mission to mars	2
exploration of mars	life on mars	2
exploration of mars	mars landing	2
exploration of mars	mars race	2
exploration of mars	mars rover	2
exploration of mars	mars scout program	2
exploration of mars	mars society	2
exploration of mars	observations and explorations of venus	2
exploration of mars	space colonization	2
exploration of mars	space exploration	2
exploration of mars	space weather	2
exploration of mars	timeline of solar system exploration	2
energy development	energy policy	2
energy development	energy policy of the united states	2
energy development	energy policy of china	2
energy development	energy policy of india	2
energy development	energy policy of the european union	2
energy development	energy policy of the united kingdom	2
energy development	energy policy of russia	2
energy development	energy policy of brazil	2
energy development	energy policy of canada	2
energy development	energy policy of the soviet union	2
energy development	energy industry liberalization and privatization (thailand)	2
energy development	seasonal thermal energy storage	2
energy development	interseasonal thermal energy storage	2
energy development	geomagnetically induced current	2
energy development	energy harvesting	2
energy development	raw material	2
energy development	biomaterial	2
energy development	commodity	2
energy development	materials science	2
energy development	recycling	2
energy development	upcycling	2
energy development	downcycling	2
energy development	thorium-based nuclear power	2
energy development	ocean thermal energy conversion	2
energy development	growth of photovoltaics	2
comparison of asian national space programs	space race	2
comparison of asian national space programs	asian century	2
commercial astronaut	newspace	2
commercial astronaut	pilot certification in the united states	2
commercial astronaut	private spaceflight	2
commercial astronaut	space adventures	2
commercial astronaut	space colonization	2
commercial astronaut	space tourism	2
artemis program	first lunar outpost	2
artemis program	space exploration initiative	2
artemis program	nasa astronaut group 23	2
artemis program	boeing lunar lander	2
asia's space race	space race	2
asia's space race	asian century	2
effect of spaceflight on the human body	fatigue and sleep loss during spaceflight	2
effect of spaceflight on the human body	food systems on space exploration missions	2
effect of spaceflight on the human body	ionizing radiation	2
effect of spaceflight on the human body	intervertebral disc damage and spaceflight	2
effect of spaceflight on the human body	locomotion in space	2
effect of spaceflight on the human body	mars analog habitats	2
effect of spaceflight on the human body	medical treatment during spaceflight	2
effect of spaceflight on the human body	overview effect	2
effect of spaceflight on the human body	reduced muscle mass, strength and performance in space	2
effect of spaceflight on the human body	renal stone formation in space	2
effect of spaceflight on the human body	space colonization	2
effect of spaceflight on the human body	spaceflight radiation carcinogenesis	2
effect of spaceflight on the human body	team composition and cohesion in spaceflight missions	2
effect of spaceflight on the human body	visual impairment due to intracranial pressure	2
aurora programme	astrobiology	2
aurora programme	constellation program	2
aurora programme	space exploration	2
aurora programme	human spaceflight	2
aurora programme	mars sample return mission	2
vision for space exploration	artemis program	2
vision for space exploration	aurora programme	2
vision for space exploration	crew exploration vehicle	2
vision for space exploration	crew space transportation system	2
vision for space exploration	decadal planning team	2
vision for space exploration	direct	2
vision for space exploration	exploration systems architecture study	2
vision for space exploration	google lunar x prize	2
vision for space exploration	human lunar return study	2
vision for space exploration	human spaceflight	2
vision for space exploration	lunar reconnaissance orbiter	2
vision for space exploration	colonization of the moon	2
vision for space exploration	constellation program	2
vision for space exploration	colonization of mars	2
vision for space exploration	space advocacy	2
vision for space exploration	space exploration	2
vision for space exploration	space exploration initiative	2
international space station	a beautiful planet	2
international space station	center for the advancement of science in space	2
international space station	origins of the international space station	2
international space station	space station 3d	2
skylab	timeline of longest spaceflights	2
skylab	skylab medical experiment altitude test	2
skylab	skylab ii	2
skylab	the man-machine	2
skylab	kraftwerk	2
skylab	solar panels on spacecraft	2
skylab	skylab controversy	2
space shuttle program	human spaceflight	2
space shuttle program	shuttle derived launch vehicle	2
space shuttle program	shuttle serv	2
space shuttle program	space accidents and incidents	2
space shuttle program	space exploration	2
space shuttle program	space shuttle abort modes	2
space shuttle program	space shuttle crews	2
space shuttle program	shuttle: the space flight simulator (virgin game)	2
space shuttle program	orbiter (sim)	2
space shuttle program	space shuttle mission 2007	2
space shuttle program	atmospheric reentry	2
space shuttle program	lifting body	2
space shuttle program	reusable launch system	2
space shuttle program	single-stage-to-orbit	2
space shuttle program	avatar rlv	2
space shuttle program	eads phoenix	2
space shuttle program	hermes (shuttle)	2
space shuttle program	hope-x	2
space shuttle program	venturestar	2
space shuttle program	kliper	2
space shuttle program	constellation program	2
space shuttle program	shuttle buran program	2
space shuttle program	martin marietta spacemaster	2
apollo program	apollo 11 in popular culture	2
apollo program	apollo lunar surface experiments package	2
apollo program	exploration of the moon	2
apollo program	moon landing conspiracy theories	2
apollo program	soviet crewed lunar programs	2
apollo program	stolen and missing moon rocks	2
gemini program	splashdown (spacecraft landing)	2
gemini program	timeline of hydrogen technologies	2
gemini program	us space exploration history on us stamps	2
soyuz program	shenzhou spacecraft	2
soyuz program	space shuttle	2
soyuz program	buran (spacecraft)	2
russian space dogs	animals in space	2
russian space dogs	cosmo (comics)	2
russian space dogs	félicette	2
russian space dogs	monkeys and non-human apes in space	2
russian space dogs	museum of jurassic technology	2
russian space dogs	laika	2
russian space dogs	sputnik program	2
russian space dogs	voskhod program	2
astronaut	airman	2
astronaut	outer space	2
astronaut	commercial astronaut	2
astronaut	cosmonautics day	2
astronaut	dead astronauts	2
astronaut	fallen astronaut	2
astronaut	j-wear	2
astronaut	lists of fictional astronauts	2
astronaut	lists of spacewalks and moonwalks	2
astronaut	mercury 13	2
astronaut	north american x-15	2
astronaut	shirley thomas (usc professor)	2
astronaut	space food	2
astronaut	space suit	2
astronaut	timeline of space travel by nationality	2
astronaut	u.s. space exploration history on u.s. stamps	2
astronaut	united states astronaut hall of fame	2
astronaut	women in space	2
astronaut	yuri's night	2
monkeys in space	laika	2
monkeys in space	soviet space dogs	2
monkeys in space	ham (chimpanzee)	2
monkeys in space	animals in space	2
monkeys in space	space exploration	2
monkeys in space	alice king chatham	2
monkeys in space	captain simian & the space monkeys	2
monkeys in space	space chimps	2
monkeys in space	one small step: the story of the space chimps	2
chandrayaan-1	exploration of the moon	2
chandrayaan-1	gaganyaan	2
chandrayaan-1	lunar water	2
astrobotic technology	exploration of mars	2
astrobotic technology	exploration of the moon	2
astrobotic technology	lunar rover	2
chinese lunar exploration program	chinese space program	2
chinese lunar exploration program	robotic exploration of the moon	2
phobos program	exploration of mars	2
phobos program	space exploration	2
vega program	pioneer venus orbiter	2
vega program	venera program	2
voyager program	family portrait (voyager)	2
voyager program	interstellar probe	2
voyager program	pioneer program	2
voyager program	planetary grand tour	2
voyager program	timeline of solar system exploration	2
surveyor program	atlas (rocket family)	2
surveyor program	luna programme	2
surveyor program	lunar orbiter program	2
surveyor program	ranger program	2
surveyor program	exploration of the moon	2
mariner program	mariner mark ii	2
mariner program	mariner (crater)	2
mariner program	pioneer program	2
mariner program	stamatios krimigis	2
mars probe program	space exploration	2
mars probe program	robotic spacecraft	2
ranger program	surveyor program	2
ranger program	lunar orbiter program	2
ranger program	apollo program	2
ranger program	pioneer program	2
ranger program	luna programme	2
ranger program	timeline of solar system exploration	2
ranger program	s:nasa facts volume 2 number 6 project ranger	2
zond program	zond failed missions	2
luna program	luna (rocket)	2
luna program	luna-glob	2
luna program	soviet crewed lunar programs	2
luna program	soviet space program	2
pioneer program	mariner program	2
pioneer program	pioneer anomaly	2
pioneer program	ranger program	2
pioneer program	surveyor program	2
pioneer program	timeline of solar system exploration	2
pioneer program	voyager program	2
landings on other planets	deliberate crash landings on extraterrestrial bodies	2
in-space propulsion technologies	alcubierre drive	2
in-space propulsion technologies	breakthrough propulsion physics program	2
in-space propulsion technologies	interplanetary transport network	2
in-space propulsion technologies	interplanetary travel	2
in-space propulsion technologies	magnetic sail	2
in-space propulsion technologies	orbital maneuver	2
in-space propulsion technologies	orbital mechanics	2
in-space propulsion technologies	plasma propulsion engine	2
in-space propulsion technologies	pulse detonation engine	2
in-space propulsion technologies	rocket	2
in-space propulsion technologies	rocket engine nozzles	2
in-space propulsion technologies	satellite	2
in-space propulsion technologies	solar sail	2
in-space propulsion technologies	space travel using constant acceleration	2
in-space propulsion technologies	specific impulse	2
in-space propulsion technologies	stochastic electrodynamics	2
in-space propulsion technologies	tsiolkovsky rocket equation	2
robotic spacecraft	astrobotic technology	2
robotic spacecraft	geosynchronous satellite	2
robotic spacecraft	human spaceflight	2
robotic spacecraft	space observatory	2
robotic spacecraft	timeline of solar system exploration	2
robotic spacecraft	automated cargo spacecraft	2
timeline of planetary exploration	discovery and exploration of the solar system	2
timeline of planetary exploration	new frontiers program	2
timeline of planetary exploration	out of the cradle (book)	2
timeline of planetary exploration	space race	2
timeline of planetary exploration	timeline of artificial satellites and space probes	2
timeline of planetary exploration	timeline of discovery of solar system planets and their moons	2
timeline of planetary exploration	timeline of first orbital launches by country	2
timeline of planetary exploration	timeline of space travel by nationality	2
discovery and exploration of the solar system	timeline of space exploration	2
discovery and exploration of the solar system	timeline of solar system exploration	2
